Rk,Player,Pos,90s,xG,xAG,Cmp%,KP,SoT%,Succ%,Tkl%,Tkl+Int,Def 3rd,Clr,CrsPA
1,Brenden Aaronson,MFFW,17.4,0.14,0.18,74.8,1.78,19.2,32.3,34.6,1.67,0.46,0.29,0.11
2,Che Adams,FW,16.4,0.28,0.15,66.5,1.28,37.1,43.5,77.8,1.10,0.37,1.04,0.12
3,Tyler Adams,MF,17.0,0.00,0.07,82.9,1.24,0.0,14.3,70.2,5.53,2.12,1.18,0.00
4,Tosin Adarabioyo,DF,12.2,0.01,0.00,80.1,0.08,50.0,66.7,66.7,2.13,0.82,5.33,0.00
5,Nayef Aguerd,DF,3.8,0.12,0.01,77.6,0.26,0.0,100.0,85.7,2.63,1.32,4.47,0.00
6,Rayan Aït Nouri,DF,8.7,0.08,0.11,82.3,0.80,50.0,45.7,72.7,3.56,2.30,1.95,0.57
7,Kristoffer Ajer,DF,7.5,0.00,0.00,75.1,0.13,0.0,0.0,57.1,2.27,0.53,2.53,0.13
8,Manuel Akanji,DF,13.3,0.04,0.01,93.9,0.23,11.1,75.0,77.8,2.11,0.53,1.20,0.00
9,Nathan Aké,DF,11.8,0.02,0.02,91.9,0.42,0.0,66.7,70.0,2.29,0.68,1.53,0.00
10,Marc Albrighton,FWMF,2.6,0.13,0.34,60.4,2.31,50.0,100.0,14.3,1.92,0.00,1.92,0.77
11,Thiago Alcántara,MF,11.9,0.04,0.08,85.8,1.18,11.1,62.5,75.0,4.79,1.51,1.01,0.00
12,Carlos Alcaraz,MF,0.3,0.00,0.08,25.0,3.33,,,,0.00,0.00,3.33,0.00
13,Trent Alexander-Arnold,DF,15.0,0.09,0.25,72.8,2.20,16.7,70.0,53.6,2.87,1.00,1.20,1.13
14,Alisson,GK,19.0,0.00,0.02,85.1,0.05,,,,0.00,0.00,0.63,0.00
15,Dele Alli,MF,0.4,0.00,0.00,80.0,0.00,,0.0,,0.00,0.00,0.00,0.00
16,Miguel Almirón,FW,18.4,0.29,0.08,81.9,0.92,30.4,34.5,71.4,2.34,0.65,0.43,0.11
17,Julián Álvarez,FWMF,5.4,0.36,0.08,80.4,0.93,50.0,60.0,14.3,1.48,0.00,0.19,0.19
18,Daniel Amartey,DF,15.2,0.00,0.04,91.5,0.33,66.7,25.0,83.3,1.64,0.72,3.82,0.00
19,Joachim Andersen,DF,16.4,0.07,0.02,79.8,0.24,45.5,50.0,57.9,2.44,1.04,6.95,0.00
20,Elliot Anderson,FWMF,1.2,0.41,0.44,70.6,2.50,25.0,15.4,50.0,5.83,3.33,0.00,0.00
21,Jaidon Anthony,MFFW,7.1,0.19,0.06,71.1,0.85,71.4,26.3,40.0,3.24,1.27,1.27,0.56
22,Michail Antonio,FW,10.1,0.24,0.10,51.7,0.99,33.3,37.0,50.0,1.09,0.10,0.30,0.10
23,Antony,FW,9.2,0.29,0.05,75.7,0.87,41.9,36.0,38.5,1.85,0.65,0.33,0.00
24,Cameron Archer,FWMF,0.5,0.00,0.00,66.7,0.00,,100.0,,0.00,0.00,0.00,0.00
25,Alphonse Areola,GK,1.2,0.00,0.00,69.0,0.00,,,,0.00,0.00,0.00,0.00
26,Joe Aribo,MFFW,12.0,0.12,0.07,73.1,0.75,61.5,42.1,57.9,3.08,1.08,0.83,0.00
27,Adam Armstrong,FW,11.3,0.13,0.06,73.1,0.88,44.4,26.7,0.0,1.15,0.27,0.44,0.18
28,Stuart Armstrong,MFFW,8.5,0.13,0.20,79.5,1.41,23.1,45.0,17.6,2.00,0.71,0.71,0.59
29,Kepa Arrizabalaga,GK,11.5,0.00,0.00,83.6,0.00,,,66.7,0.17,0.17,0.70,0.00
30,Pierre-Emerick Aubameyang,FW,4.8,0.15,0.07,70.9,0.63,50.0,60.0,0.0,0.63,0.21,0.83,0.21
31,Ludwig Augustinsson,DF,0.9,0.10,0.00,60.5,0.00,50.0,0.0,,1.11,1.11,1.11,0.00
32,Serge Aurier,DF,10.5,0.05,0.07,68.7,0.76,20.0,35.7,85.7,4.57,2.29,4.19,0.48
33,Taiwo Awoniyi,FW,8.1,0.56,0.12,72.6,0.99,42.1,20.0,83.3,1.36,0.00,1.23,0.00
34,Jordan Ayew,FWMF,14.8,0.09,0.08,76.5,1.01,46.2,37.3,43.5,3.18,1.15,1.28,0.20
35,Luke Ayling,DF,5.8,0.03,0.14,71.5,0.69,0.0,40.0,42.9,4.14,1.72,2.24,0.69
36,César Azpilicueta,DF,11.0,0.02,0.07,80.5,0.82,20.0,62.5,77.8,3.45,1.36,3.64,0.27
37,Benoît Badiashile,DF,2.0,0.16,0.18,92.0,0.50,100.0,0.0,100.0,3.50,1.50,6.50,0.00
38,Leon Bailey,FWMF,13.7,0.28,0.16,62.6,1.17,32.3,37.5,30.0,1.02,0.29,0.44,0.66
39,Stefan Bajcetic,MF,1.3,0.44,0.18,77.2,1.54,50.0,50.0,33.3,3.08,0.00,1.54,0.77
40,Patrick Bamford,FW,5.2,0.89,0.06,73.6,0.77,50.0,25.0,12.5,0.58,0.00,0.96,0.00
41,Shandon Baptiste,MF,4.8,0.04,0.15,82.8,1.25,50.0,40.0,50.0,2.50,0.63,1.46,0.42
42,Harvey Barnes,MFFW,16.8,0.32,0.04,71.0,0.48,46.5,21.6,42.1,1.07,0.42,0.30,0.06
43,Gavin Bazunu,GK,20.0,0.00,0.00,61.2,0.05,,,100.0,0.10,0.05,0.95,0.00
44,Mads Bech Sørensen,DFMF,0.2,0.00,0.00,63.6,0.00,,,,5.00,0.00,5.00,0.00
45,Jan Bednarek,DF,1.8,0.03,0.04,85.7,1.11,0.0,,,2.78,0.56,3.33,0.00
46,Jan Bednarek,DF,1.1,0.00,0.00,90.9,0.00,,,100.0,4.55,0.00,4.55,0.00
47,Donny van de Beek,MF,1.9,0.05,0.06,75.4,1.58,0.0,50.0,0.0,0.53,0.00,0.53,0.00
48,Asmir Begović,GK,1.0,0.00,0.00,70.0,0.00,,,,0.00,0.00,1.00,0.00
49,Armel Bella Kotchap,DF,11.4,0.06,0.02,75.4,0.26,10.0,33.3,88.9,4.04,1.49,5.18,0.00
50,Saïd Benrahma,FWMF,11.7,0.30,0.13,81.1,2.05,32.4,37.7,40.0,1.45,0.60,0.77,0.43
51,Rodrigo Bentancur,MF,15.0,0.09,0.05,84.3,0.67,58.3,62.1,60.9,3.87,0.87,1.27,0.27
52,Owen Bevan,DF,0.1,0.00,0.00,66.7,0.00,,,,0.00,0.00,0.00,0.00
53,Giulian Biancone,DF,0.2,0.00,0.00,71.4,0.00,,,100.0,15.0,10.0,0.00,0.00
54,Philip Billing,MFFW,15.6,0.10,0.10,74.1,0.83,50.0,45.5,50.0,3.08,0.90,1.86,0.13
55,Yves Bissouma,MF,9.0,0.02,0.06,90.0,0.89,0.0,71.4,33.3,2.33,0.33,0.78,0.11
56,Willy Boly,DF,5.5,0.00,0.04,77.5,0.18,0.0,,60.0,3.82,0.91,5.09,0.00
57,Sven Botman,DF,16.7,0.05,0.05,85.6,0.36,33.3,,78.6,1.92,0.96,3.53,0.00
58,Jarrod Bowen,FWMF,19.9,0.31,0.15,64.8,1.36,23.3,20.4,42.3,2.16,0.45,0.65,0.30
59,Armando Broja,FW,3.3,0.26,0.02,62.3,0.30,83.3,46.2,100.0,1.52,0.00,0.30,0.00
60,Lewis Brunt,DF,0.3,0.00,0.00,81.0,0.00,,,,0.00,0.00,6.67,0.00
61,Bryan,MFFW,1.6,0.06,0.11,78.3,1.25,50.0,40.0,0.0,2.50,1.88,0.63,0.00
62,Emi Buendía,MFFW,12.6,0.26,0.15,77.6,1.43,20.0,37.5,39.3,3.57,1.11,0.71,0.00
63,Hugo Bueno,DF,9.1,0.02,0.06,80.4,1.10,25.0,30.0,59.1,3.52,2.31,2.97,0.44
64,Dan Burn,DF,18.6,0.05,0.01,79.8,0.27,27.3,30.0,50.0,2.26,0.65,3.87,0.05
65,Cafú,MF,0.1,0.00,0.00,100.0,0.00,,,,0.00,0.00,10.0,0.00
66,Moisés Caicedo,MF,17.8,0.05,0.07,87.9,1.12,30.8,37.5,73.3,4.38,0.90,0.96,0.22
67,Tom Cairney,MF,5.2,0.12,0.24,85.7,1.92,0.0,45.5,100.0,2.69,0.38,0.38,0.77
68,Duje Ćaleta-Car,DF,8.0,0.04,0.00,84.8,0.13,33.3,,83.3,3.00,0.88,5.25,0.00
69,Dominic Calvert-Lewin,FW,7.4,0.27,0.04,60.7,0.54,25.0,50.0,0.0,0.41,0.14,0.68,0.00
70,Chem Campbell,FWMF,0.8,0.12,0.00,71.9,0.00,0.0,50.0,0.0,3.75,1.25,0.00,0.00
71,João Cancelo,DF,14.2,0.06,0.06,84.9,0.85,17.6,48.3,70.8,3.38,1.13,0.63,0.63
72,Thomas Cannon,FW,0.3,0.32,1.95,80.0,3.33,100.0,0.0,,0.00,0.00,0.00,0.00
73,Sergi Canós,FWDF,0.9,0.09,0.03,53.5,1.11,0.0,50.0,0.0,0.00,0.00,1.11,0.00
74,Diego Carlos,DF,2.0,0.18,0.00,78.9,0.00,0.0,,0.0,1.00,0.00,1.00,0.00
75,Fabio Carvalho,MFFW,3.7,0.30,0.03,82.2,0.27,36.4,40.0,50.0,3.51,0.81,0.00,0.00
76,Casemiro,MF,12.9,0.16,0.15,77.7,1.24,29.4,40.0,64.4,5.81,2.09,2.87,0.23
77,Matty Cash,DF,12.8,0.02,0.05,76.0,0.55,14.3,50.0,70.0,3.91,1.56,1.64,0.55
78,Timothy Castagne,DF,18.2,0.09,0.07,79.7,0.66,30.0,30.8,57.6,3.46,1.59,2.64,0.44
79,Jonny Castro,DF,11.2,0.02,0.04,84.6,0.27,12.5,44.4,51.9,3.57,1.61,1.88,0.18
80,Julio César Enciso,FWMF,1.3,0.37,0.05,69.2,0.77,85.7,25.0,,0.77,0.00,0.00,0.00
81,Nathaniel Chalobah,MF,0.1,0.71,0.00,80.0,0.00,100.0,,100.0,10.0,10.0,20.0,0.00
82,Trevoh Chalobah,DF,10.8,0.04,0.01,88.8,0.09,20.0,33.3,62.5,2.69,1.02,3.15,0.00
83,Calum Chambers,DFMF,1.2,0.03,0.00,83.1,0.00,0.0,,50.0,4.17,1.67,0.83,0.00
84,Ben Chilwell,DFMF,4.7,0.07,0.03,77.5,0.21,33.3,20.0,58.3,2.55,0.85,1.70,0.21
85,Ryan Christie,MFFW,11.2,0.14,0.07,81.4,1.07,29.4,39.0,36.0,3.39,0.45,1.07,0.09
86,Carney Chukwuemeka,MFFW,2.2,0.13,0.05,81.7,1.36,25.0,16.7,66.7,5.45,2.27,0.45,0.91
87,Bobby Clark,MF,0.1,0.00,0.00,100.0,0.00,,0.0,,0.00,0.00,0.00,0.00
88,Nathaniel Clyne,DF,11.4,0.00,0.04,78.8,0.44,,42.9,76.9,2.54,0.70,2.28,0.18
89,Conor Coady,DF,17.9,0.03,0.02,85.2,0.22,66.7,0.0,83.3,1.23,0.34,4.19,0.06
90,Jack Colback,MF,2.6,0.00,0.07,82.1,0.77,,,66.7,4.23,2.31,1.92,0.38
91,Séamus Coleman,DF,8.5,0.02,0.03,81.7,0.12,0.0,33.3,66.7,2.94,0.82,3.06,0.47
92,Nathan Collins,DF,16.4,0.00,0.00,88.8,0.12,0.0,85.7,60.0,2.50,0.98,4.33,0.00
93,Levi Colwill,DF,5.1,0.03,0.03,89.4,0.39,0.0,,0.0,1.37,0.00,2.75,0.00
94,Lewis Cook,MF,16.5,0.01,0.13,78.8,1.27,0.0,37.5,53.1,3.21,0.55,1.39,0.48
95,Steve Cook,DF,10.6,0.01,0.05,80.4,0.28,0.0,100.0,83.3,1.89,0.38,4.81,0.09
96,Liam Cooper,DF,11.3,0.09,0.05,77.8,0.35,22.2,0.0,66.7,4.42,1.77,3.54,0.00
97,Maxwel Cornet,FW,1.0,0.53,0.00,66.7,0.00,25.0,,100.0,4.00,3.00,0.00,0.00
98,Diego Costa,FW,6.8,0.30,0.04,74.1,0.59,35.0,66.7,100.0,0.59,0.29,0.74,0.00
99,Vladimír Coufal,DF,12.4,0.02,0.09,63.8,1.05,0.0,0.0,72.7,3.71,1.37,2.42,0.65
100,Philippe Coutinho,MFFW,7.4,0.14,0.04,74.8,0.81,35.3,46.2,55.6,2.16,0.81,0.14,0.27
101,Conor Coventry,MFFW,0.0,0.00,0.00,,0,,,,0,0,0,0
102,Aaron Cresswell,DF,17.0,0.02,0.15,79.6,1.76,14.3,33.3,37.5,2.00,0.47,2.35,0.76
103,Marc Cucurella,DF,13.3,0.03,0.03,83.4,0.53,0.0,41.7,55.3,3.83,1.88,2.63,0.45
104,Matheus Cunha,FW,1.5,0.18,0.18,72.7,1.33,0.0,25.0,100.0,1.33,0.00,2.00,0.00
105,Patson Daka,FW,7.8,0.31,0.30,66.2,1.28,57.9,44.4,25.0,1.41,0.38,0.77,0.13
106,Diogo Dalot,DF,13.2,0.06,0.10,76.8,1.59,33.3,45.0,65.2,3.64,1.74,2.12,0.83
107,Mikkel Damsgaard,MFFW,3.1,0.16,0.12,70.4,1.29,75.0,42.9,33.3,3.55,1.94,1.61,0.00
108,Danilo,MF,0.5,0.05,0.05,91.3,2.00,0.0,100.0,50.0,8.00,6.00,6.00,0.00
109,Josh Dasilva,MF,10.2,0.09,0.12,78.7,0.69,38.5,55.2,62.5,1.57,0.49,0.39,0.20
110,Ben Davies,DF,14.0,0.05,0.13,84.8,0.93,50.0,14.3,53.3,1.79,0.50,2.71,0.14
111,Tom Davies,MF,4.6,0.12,0.03,76.0,0.22,16.7,0.0,66.7,2.83,0.87,1.30,0.00
112,Craig Dawson,DF,8.0,0.06,0.01,79.0,0.13,16.7,0.0,66.7,2.00,1.00,3.25,0.00
113,Kevin De Bruyne,MF,17.4,0.19,0.51,72.1,3.51,35.6,45.2,40.7,1.32,0.17,0.40,0.80
114,Siriki Dembélé,FWMF,1.2,0.15,0.25,78.7,3.33,100.0,44.4,0.0,3.33,1.67,0.83,1.67
115,Leander Dendoncker,MF,3.7,0.01,0.12,87.0,1.35,0.0,33.3,58.3,4.59,2.16,1.62,0.00
116,Leander Dendoncker,MF,2.4,0.27,0.02,86.9,0.83,66.7,50.0,66.7,5.42,0.00,1.67,0.42
117,Emmanuel Dennis,FW,4.1,0.17,0.08,70.7,0.98,22.2,23.8,66.7,1.22,0.49,0.49,0.24
118,Halil Dervişoğlu,MF,0.1,0.31,0.00,,0.00,0.0,,,0.00,0.00,0.00,0.00
119,Kiernan Dewsbury-Hall,MF,15.4,0.10,0.15,75.2,1.69,26.7,42.1,40.9,2.47,0.45,0.71,0.19
120,Ibrahima Diallo,MF,7.4,0.03,0.00,77.8,0.14,0.0,54.5,77.8,2.84,1.22,0.81,0.00
121,Rúben Dias,DF,9.7,0.06,0.02,92.2,0.21,20.0,100.0,100.0,1.86,0.31,2.58,0.00
122,Luis Díaz,FW,6.8,0.26,0.15,79.3,0.88,43.8,48.3,50.0,1.76,0.29,0.00,0.15
123,Eric Dier,DF,19.3,0.04,0.04,86.2,0.31,40.0,,60.0,2.28,0.62,3.52,0.16
124,Lucas Digne,DF,11.8,0.02,0.10,75.7,1.02,50.0,0.0,72.7,2.97,1.27,2.63,0.85
125,Issa Diop,DF,10.7,0.03,0.00,86.7,0.09,66.7,100.0,66.7,2.90,1.03,2.62,0.00
126,Moussa Djenepo,DFFW,6.4,0.03,0.04,73.7,0.94,66.7,43.3,45.0,4.38,1.72,0.94,0.47
127,Ben Doak,FW,0.3,0.00,0.00,71.4,0.00,,0.0,100.0,10.0,3.33,0.00,0.00
128,Matt Doherty,DFMF,7.4,0.10,0.04,80.6,0.81,20.0,41.7,88.9,3.24,1.62,1.89,0.41
129,Gabriel Dos Santos,DF,19.0,0.15,0.01,89.0,0.05,27.8,0.0,71.4,2.26,0.74,3.63,0.00
130,Abdoulaye Doucouré,MF,2.5,0.07,0.00,80.8,0.00,33.3,100.0,33.3,2.40,0.40,1.20,0.00
131,Cheick Doucouré,MF,16.4,0.04,0.08,83.9,1.04,23.8,66.7,60.6,5.24,1.65,1.22,0.00
132,Flynn Downes,MF,3.2,0.08,0.02,81.4,0.31,0.0,,33.3,2.19,0.00,0.63,0.00
133,Cody Drameh,DF,0.8,0.00,0.00,78.9,0.00,,100.0,66.7,7.50,0.00,1.25,0.00
134,Shane Duffy,FWDF,0.1,0.00,0.00,50.0,0.00,,,,0.00,0.00,0.00,0.00
135,Lewis Dunk,DF,19.0,0.04,0.00,89.5,0.05,11.1,100.0,33.3,1.74,0.53,2.79,0.00
136,Malcolm Ebiowei,MFFW,0.4,0.00,0.00,50.0,0.00,,40.0,0.0,2.50,2.50,0.00,0.00
137,Ederson,GK,20.0,0.00,0.01,87.3,0.05,,,50.0,0.05,0.05,0.35,0.00
138,Odsonne Édouard,FWMF,10.9,0.24,0.08,71.5,1.10,43.5,27.3,62.5,2.11,0.55,1.19,0.00
139,Samuel Edozie,FWMF,5.2,0.15,0.07,68.3,1.15,42.9,31.3,50.0,3.46,0.96,0.58,0.19
140,Anthony Elanga,FW,4.4,0.13,0.18,73.8,1.14,37.5,25.0,50.0,0.91,0.00,0.91,0.00
141,Harvey Elliott,MFFW,12.4,0.09,0.19,79.9,1.29,30.0,42.4,21.1,1.53,0.32,0.48,0.40
142,Mohamed Elneny,MF,1.3,0.00,0.00,95.0,0.00,,,100.0,0.77,0.77,0.00,0.00
143,Mohamed Elyounoussi,MFFW,15.1,0.17,0.13,66.5,0.93,25.0,52.4,45.8,2.65,0.79,1.52,0.40
144,Emerson,DF,12.1,0.09,0.02,78.8,0.41,33.3,50.0,65.2,3.47,1.82,3.39,0.17
145,Christian Eriksen,MF,16.5,0.16,0.18,78.9,1.52,34.8,25.0,27.8,1.21,0.42,1.09,0.12
146,Pervis Estupiñán,DF,12.0,0.01,0.17,80.2,1.50,0.0,8.3,75.0,3.50,1.00,1.50,0.58
147,Jonny Evans,DF,9.0,0.02,0.00,89.3,0.11,100.0,,66.7,2.89,1.11,3.56,0.00
148,Eberechi Eze,MFFW,16.8,0.14,0.16,78.9,2.02,27.8,51.6,46.2,1.85,0.48,0.18,0.06
149,Łukasz Fabiański,GK,18.8,0.00,0.00,68.6,0.00,,,,0.00,0.00,0.16,0.00
150,Fabinho,MF,13.9,0.02,0.04,88.1,0.43,37.5,33.3,41.4,3.74,0.86,1.44,0.00
151,Wout Faes,DF,14.0,0.02,0.02,86.3,0.21,25.0,50.0,75.0,3.21,1.00,3.43,0.00
152,João Félix,FW,0.6,1.29,0.29,66.7,1.67,66.7,50.0,,0.00,0.00,0.00,0.00
153,Evan Ferguson,FW,2.2,0.53,0.12,77.8,1.36,62.5,33.3,0.0,0.45,0.00,0.00,0.00
154,Bruno Fernandes,MFFW,19.0,0.17,0.35,74.8,2.63,33.3,32.1,48.6,3.00,0.84,1.21,0.11
155,Mateo Fernández,MF,0.0,0.00,0.00,,0,,0.0,,0,0,1,0
156,Roberto Firmino,FWMF,10.3,0.41,0.17,77.9,1.65,60.6,46.7,11.1,1.84,0.10,0.19,0.00
157,Junior Firpo,DF,1.3,0.00,0.09,68.1,1.54,,0.0,33.3,4.62,0.77,2.31,0.00
158,Phil Foden,FWDF,11.6,0.32,0.17,80.2,1.90,50.0,37.9,77.8,1.29,0.60,0.43,0.69
159,Wesley Fofana,DF,2.0,0.06,0.00,83.6,0.00,50.0,33.3,33.3,6.50,0.50,2.50,0.00
160,Wesley Fofana,DF,2.0,0.01,0.00,90.5,0.00,0.0,0.0,50.0,4.00,0.00,1.50,0.00
161,Pablo Fornals,FWMF,10.5,0.08,0.11,72.0,1.05,29.4,50.0,22.7,2.48,0.48,0.76,0.19
162,Adam Forshaw,MF,1.8,0.00,0.26,83.1,1.11,,80.0,16.7,1.11,0.00,0.56,0.00
163,Fraser Forster,GK,1.0,0.00,0.00,81.8,0.00,,,,0.00,0.00,0.00,0.00
164,Tyrese Francois,FW,0.0,0.00,0.00,100.0,0,,,,0,0,1,0
165,Ryan Fraser,FW,3.5,0.09,0.11,69.7,1.43,16.7,50.0,40.0,0.57,0.00,0.86,0.29
166,Fred,MF,6.5,0.19,0.16,81.4,2.15,26.7,40.0,35.7,4.31,1.38,1.08,0.15
167,Ryan Fredericks,DF,5.0,0.00,0.02,68.3,0.20,,16.7,0.0,0.20,0.20,4.00,0.20
168,Remo Freuler,MF,14.2,0.02,0.04,80.6,0.56,16.7,44.4,54.2,3.45,1.06,1.90,0.21
169,Cody Gakpo,FW,1.9,0.51,0.00,69.0,0.00,12.5,50.0,100.0,0.53,0.00,0.00,0.00
170,Conor Gallagher,MFFW,8.2,0.11,0.22,78.5,1.83,45.5,36.4,41.2,4.39,1.22,1.46,0.61
171,Idrissa Gana Gueye,MF,12.6,0.00,0.06,85.0,0.40,100.0,36.4,47.4,4.92,1.35,1.35,0.00
172,Alejandro Garnacho,FW,2.7,0.34,0.37,82.1,0.74,55.6,7.1,33.3,2.59,0.00,0.00,0.00
173,James Garner,MF,1.6,0.03,0.00,74.7,0.00,50.0,0.0,25.0,6.25,0.63,0.63,0.00
174,David de Gea,GK,20.0,0.00,0.01,69.8,0.05,,,,0.00,0.00,0.40,0.00
175,Joe Gelhardt,FW,2.4,0.36,0.20,64.2,0.83,20.0,11.1,60.0,2.50,0.42,1.67,0.00
176,Saman Ghoddos,MFFW,1.0,0.05,0.23,72.9,1.00,100.0,0.0,50.0,4.00,0.00,2.00,0.00
177,Morgan Gibbs-White,FWMF,2.0,0.36,0.04,78.9,0.50,33.3,25.0,66.7,2.00,1.50,1.50,0.00
178,Morgan Gibbs-White,FWMF,15.3,0.20,0.29,61.4,2.29,28.1,48.6,54.5,1.37,0.26,0.52,0.26
179,Billy Gilmour,MF,1.2,0.00,0.00,93.2,0.00,,,33.3,0.83,0.00,1.67,0.00
180,Degnand Gnonto,FWMF,6.0,0.18,0.13,66.3,1.33,36.4,33.3,28.6,1.83,0.33,0.83,0.33
181,Ben Godfrey,DF,2.3,0.47,0.04,79.3,0.43,0.0,50.0,50.0,3.04,2.17,0.87,0.00
182,Toti Gomes,DF,3.4,0.00,0.02,85.0,0.29,,,100.0,1.76,1.18,7.06,0.00
183,Joe Gomez,DF,11.3,0.01,0.01,83.9,0.09,0.0,80.0,60.0,3.54,1.06,3.01,0.00
184,Sergio Gómez,DFMF,1.2,0.11,0.33,81.8,1.67,0.0,,50.0,3.33,0.83,3.33,0.00
185,Anthony Gordon,FW,12.2,0.27,0.05,68.9,0.66,61.5,22.7,36.4,3.11,1.39,0.90,0.16
186,Demarai Gray,FWMF,18.7,0.20,0.14,68.4,1.39,38.9,25.5,66.7,1.39,0.16,0.80,0.32
187,Jack Grealish,FW,10.6,0.25,0.31,83.6,2.36,22.2,37.0,50.0,1.42,0.19,0.19,0.00
188,Sam Greenwood,MFFW,3.4,0.18,0.25,62.9,2.94,18.2,20.0,20.0,2.65,1.18,0.29,0.00
189,Pascal Groß,MFDF,18.2,0.18,0.28,75.2,2.14,50.0,23.1,50.0,2.25,0.77,0.33,0.11
190,Vicente Guaita,GK,20.0,0.00,0.00,72.6,0.00,,,,0.00,0.00,0.40,0.00
191,Gonçalo Guedes,FWMF,7.9,0.15,0.06,68.7,1.14,31.6,33.3,62.5,1.14,0.51,0.25,0.25
192,Marc Guéhi,DF,19.0,0.02,0.01,87.2,0.16,50.0,28.6,65.2,2.53,1.16,3.68,0.00
193,Bruno Guimarães,MF,15.5,0.06,0.12,81.6,1.16,35.7,43.5,58.6,3.87,0.65,0.84,0.06
194,İlkay Gündoğan,MF,13.8,0.24,0.18,87.3,2.03,25.8,26.1,52.9,2.39,0.14,0.65,0.00
195,Darko Gyabi,FW,0.1,0.72,0.00,100.0,0.00,0.0,0.0,,20.0,10.0,0.00,0.00
196,Erling Haaland,FW,17.2,0.98,0.17,73.8,0.93,51.4,38.5,0.0,0.23,0.00,0.47,0.00
197,Lewis Hall,DFMF,3.4,0.14,0.08,75.4,1.18,40.0,16.7,66.7,6.18,2.94,1.47,0.29
198,Luke Harris,MFFW,0.1,0.00,0.00,92.9,0.00,,,,0.00,0.00,0.00,0.00
199,Jack Harrison,FWMF,13.2,0.18,0.19,63.5,2.20,43.8,41.1,26.3,2.05,0.08,0.53,0.45
200,Kai Havertz,FWMF,15.7,0.34,0.09,79.7,1.15,45.9,25.8,37.5,1.85,0.19,1.66,0.06
201,Jan Paul van Hecke,DF,0.9,0.67,0.00,95.9,0.00,0.0,,100.0,6.67,1.11,2.22,0.00
202,Hwang Hee-chan,FW,7.2,0.06,0.12,77.3,0.83,50.0,37.5,45.5,1.53,0.56,0.42,0.14
203,Dean Henderson,GK,18.0,0.00,0.00,63.3,0.00,,,,0.00,0.00,0.67,0.00
204,Jordan Henderson,MF,9.9,0.06,0.11,81.6,1.31,25.0,28.6,44.4,2.32,0.40,0.51,0.30
205,Wayne Hennessey,GK,2.0,0.00,0.00,80.4,0.00,,,100.0,0.50,0.50,0.50,0.00
206,Rico Henry,DF,18.9,0.03,0.06,72.2,0.63,25.0,45.5,70.6,2.54,0.69,2.38,0.42
207,Son Heung-min,MFFW,17.3,0.28,0.18,71.5,1.85,49.0,31.7,27.3,1.33,0.17,0.23,0.17
208,Aaron Hickey,DF,7.5,0.01,0.00,79.8,0.13,33.3,28.0,57.1,4.00,1.60,1.47,0.13
209,Joseph Hodge,MF,1.9,0.06,0.03,79.3,0.53,0.0,,75.0,2.63,0.53,1.05,0.00
210,Rob Holding,DF,0.2,0.00,0.00,83.3,0.00,,,,5.00,5.00,5.00,0.00
211,Mason Holgate,DF,3.6,0.08,0.08,72.3,0.83,0.0,100.0,60.0,3.89,1.94,6.11,0.00
212,Will Hughes,MF,2.8,0.05,0.01,71.4,0.36,100.0,0.0,66.7,5.00,1.43,0.36,0.00
213,Omari Hutchinson,FW,0.3,0.00,0.00,66.7,0.00,,,,3.33,0.00,0.00,0.00
214,Pierre Højbjerg,MF,19.8,0.07,0.09,88.4,0.96,31.8,73.3,61.5,3.03,0.86,1.67,0.25
215,Kelechi Iheanacho,FWMF,3.3,0.48,0.20,78.8,2.73,25.0,27.3,0.0,0.00,0.00,0.30,0.00
216,Danny Ings,FW,0.2,0.00,0.88,60.0,5.00,,0.0,,10.0,0.00,0.00,0.00
217,Danny Ings,FW,9.2,0.59,0.13,70.4,0.98,48.0,60.0,25.0,1.20,0.11,1.20,0.00
218,Alexander Isak,FW,3.2,1.01,0.15,68.2,1.56,77.8,18.2,50.0,1.56,0.00,0.31,0.00
219,Alex Iwobi,MF,19.8,0.06,0.14,79.7,1.52,27.8,43.2,57.7,2.63,1.06,0.96,0.30
220,Daniel James,FW,2.2,0.12,0.15,60.0,0.45,33.3,16.7,50.0,3.64,0.45,0.91,0.45
221,Daniel James,FW,4.0,0.33,0.08,65.0,1.00,20.0,14.3,50.0,1.25,0.25,1.00,0.25
222,Reece James,DFMF,6.8,0.12,0.23,85.4,1.32,33.3,42.9,77.8,3.53,0.74,1.47,0.29
223,Vitaly Janelt,MFDF,14.7,0.13,0.05,79.1,0.54,50.0,46.7,58.6,3.74,1.16,1.43,0.27
224,Pontus Jansson,DF,5.7,0.00,0.00,81.3,0.00,0.0,100.0,66.7,1.93,0.35,4.39,0.00
225,Mathias Jensen,MF,16.7,0.05,0.12,68.1,1.38,25.0,31.3,35.6,3.59,0.90,0.78,0.36
226,Gabriel Jesus,FW,13.5,0.57,0.21,80.8,1.63,40.0,40.9,43.8,2.00,0.67,0.74,0.07
227,Raúl Jiménez,FW,3.3,0.30,0.13,65.4,0.61,44.4,50.0,0.0,0.30,0.30,0.91,0.00
228,Joelinton,MFFW,16.8,0.19,0.11,81.1,1.13,36.7,39.7,52.9,4.23,1.25,1.55,0.18
229,Ben Johnson,DF,5.5,0.00,0.04,72.9,0.55,,54.5,75.0,3.09,1.27,3.27,0.55
230,Brennan Johnson,FW,18.0,0.32,0.14,55.3,0.83,50.0,42.5,60.0,0.94,0.39,0.00,0.06
231,Curtis Jones,MFFW,2.1,0.09,0.09,85.5,0.95,25.0,50.0,50.0,2.38,0.48,0.48,0.00
232,Jorginho,MF,14.2,0.12,0.03,84.8,0.49,33.3,30.0,48.9,4.44,1.55,0.49,0.00
233,Diogo Jota,FWMF,2.2,0.35,0.38,59.4,3.18,33.3,25.0,83.3,5.45,3.18,0.45,0.45
234,James Justin,DF,13.9,0.02,0.02,81.4,0.50,0.0,21.1,75.0,2.52,0.50,3.38,0.50
235,Mathias Jørgensen,DF,8.2,0.06,0.01,80.2,0.12,33.3,0.0,53.3,3.41,0.98,3.29,0.00
236,Sasa Kalajdzic,FW,0.5,0.53,0.00,50.0,0.00,0.0,,,2.00,0.00,0.00,0.00
237,Boubacar Kamara,MF,12.4,0.02,0.02,84.2,0.32,25.0,29.4,54.5,4.03,1.37,1.45,0.00
238,Harry Kane,FW,20.8,0.57,0.16,69.3,1.68,44.0,33.3,42.9,0.38,0.00,0.53,0.19
239,N'Golo Kanté,MF,1.9,0.05,0.13,82.9,1.58,50.0,66.7,50.0,4.21,0.53,0.00,0.53
240,Michael Keane,DF,0.3,0.00,0.00,50.0,0.00,,,,0.00,0.00,13.3,0.00
241,Neeskens Kebano,FW,7.9,0.06,0.17,73.9,1.39,22.2,32.1,53.8,1.65,0.89,1.01,0.38
242,Thilo Kehrer,DF,15.0,0.03,0.01,82.8,0.13,14.3,80.0,50.0,2.93,0.87,2.60,0.00
243,Naby Keïta,MF,2.0,0.13,0.15,74.8,2.50,0.0,100.0,33.3,1.00,0.50,0.50,0.00
244,Lloyd Kelly,DF,10.0,0.01,0.01,79.2,0.30,0.0,100.0,70.0,2.50,0.90,4.80,0.20
245,Max Kilman,DF,20.0,0.03,0.00,82.9,0.00,0.0,60.0,61.1,1.95,0.90,4.50,0.00
246,Mateusz Klich,MFFW,3.1,0.05,0.06,73.0,1.61,25.0,33.3,53.8,3.87,0.97,0.32,0.00
247,Robin Koch,DF,18.5,0.02,0.01,76.3,0.05,16.7,,53.6,3.14,1.14,3.78,0.00
248,Ibrahima Konaté,DF,4.2,0.05,0.00,85.9,0.00,33.3,50.0,50.0,5.00,2.14,5.00,0.00
249,Ezri Konsa,DF,18.9,0.02,0.03,85.2,0.21,0.0,25.0,92.3,2.28,0.95,3.60,0.11
250,Kalidou Koulibaly,DF,12.4,0.06,0.03,85.6,0.40,44.4,66.7,63.2,3.47,1.37,3.31,0.00
251,Cheikhou Kouyaté,MFDF,7.8,0.04,0.08,77.2,0.64,100.0,62.5,66.7,3.33,1.28,2.56,0.00
252,Mateo Kovačić,MF,9.3,0.05,0.12,83.8,1.08,0.0,22.2,66.7,3.23,0.75,0.97,0.11
253,Emil Krafth,DF,0.0,0.00,0.00,,0,,,,0,0,0,0
254,Dejan Kulusevski,MFFW,10.7,0.11,0.26,76.8,2.34,31.6,38.9,42.1,1.78,1.03,0.37,0.56
255,Layvin Kurzawa,DF,1.5,0.00,0.00,68.3,0.00,,50.0,100.0,3.33,0.67,2.67,0.67
256,Adam Lallana,MFFW,8.0,0.11,0.12,82.6,1.75,62.5,50.0,0.0,1.38,0.75,0.13,0.13
257,Tariq Lamptey,DF,3.6,0.04,0.04,78.2,0.83,0.0,24.0,60.0,3.61,0.83,0.56,1.39
258,Manuel Lanzini,MFFW,1.4,0.04,0.00,81.9,0.00,0.0,,0.0,0.00,0.00,0.00,0.00
259,Aymeric Laporte,DF,4.2,0.04,0.03,91.7,0.71,0.0,50.0,,0.71,0.48,3.33,0.00
260,Juan Larios,DF,1.7,0.00,0.00,76.8,0.00,,75.0,100.0,5.88,3.53,2.35,0.00
261,Jamaal Lascelles,DF,1.2,0.06,0.00,80.8,0.00,0.0,,100.0,0.83,0.83,8.33,0.00
262,Roméo Lavia,MF,8.2,0.03,0.03,86.3,0.49,40.0,53.8,50.0,4.02,1.10,0.61,0.00
263,Dexter Lembikisa,DF,0.3,0.00,0.00,76.9,0.00,,,,0.00,0.00,0.00,0.00
264,Mario Lemina,MF,0.9,0.01,0.14,92.5,1.11,0.0,100.0,100.0,2.22,1.11,3.33,1.11
265,Clément Lenglet,DF,10.4,0.06,0.06,87.8,0.48,0.0,25.0,64.3,2.60,0.87,2.60,0.29
266,Bernd Leno,GK,19.0,0.00,0.00,77.3,0.05,,,0.0,0.00,0.00,0.47,0.00
267,Jefferson Lerma,MFDF,19.9,0.06,0.02,81.6,0.30,20.0,57.1,68.4,2.41,0.65,2.91,0.05
268,Jamal Lewis,DF,0.1,0.00,0.00,83.3,0.00,,,,0.00,0.00,0.00,0.00
269,Rico Lewis,DFMF,4.0,0.01,0.19,92.2,1.25,100.0,28.6,80.0,1.75,1.00,0.75,0.75
270,Keane Lewis-Potter,FWMF,3.4,0.14,0.37,57.1,1.47,28.6,30.8,,0.29,0.00,0.59,0.29
271,Victor Lindelöf,DF,4.9,0.00,0.00,93.2,0.00,,,100.0,2.04,0.61,4.08,0.00
272,Jesse Lingard,FWMF,9.6,0.11,0.07,79.3,1.04,20.0,55.6,0.0,0.73,0.21,0.42,0.10
273,Diego Llorente,DF,7.2,0.10,0.00,83.0,0.00,0.0,66.7,50.0,3.89,1.11,3.33,0.00
274,Hugo Lloris,GK,20.0,0.00,0.00,80.1,0.00,,,50.0,0.10,0.05,0.55,0.00
275,Renan Lodi,DF,10.2,0.06,0.05,71.8,0.49,0.0,40.0,61.9,3.73,1.37,2.94,0.39
276,Ruben Loftus-Cheek,MFDF,10.6,0.08,0.09,84.4,0.66,22.2,40.0,46.7,2.26,0.57,1.51,0.00
277,Sean Longstaff,MF,16.7,0.11,0.15,78.0,1.02,17.6,13.3,41.9,2.16,0.42,1.02,0.24
278,Jamal Lowe,MFFW,0.1,0.00,0.00,50.0,0.00,,,,0.00,0.00,0.00,0.00
279,Douglas Luiz,MF,14.9,0.06,0.16,82.2,1.54,35.3,35.0,59.1,3.89,1.07,0.60,0.20
280,Lyanco,DF,7.6,0.03,0.01,71.8,0.13,42.9,71.4,58.3,3.29,1.05,3.55,0.00
281,Alexis Mac Allister,MF,16.2,0.24,0.07,88.3,0.99,35.7,59.1,53.5,4.07,0.80,0.31,0.06
282,James Maddison,MFFW,12.4,0.21,0.23,77.6,2.50,32.5,25.0,42.9,2.74,0.97,0.40,0.16
283,Harry Maguire,DF,4.3,0.05,0.01,87.8,0.23,0.0,0.0,75.0,2.56,0.70,4.88,0.00
284,Riyad Mahrez,FW,9.3,0.34,0.34,84.7,2.47,40.9,31.3,53.8,1.61,0.00,0.22,0.65
285,Ainsley Maitland-Niles,MFDF,6.0,0.00,0.06,83.3,0.83,,100.0,72.7,3.83,1.00,2.33,0.50
286,Tyrell Malacia,DF,9.3,0.02,0.01,83.3,0.11,33.3,20.0,42.9,4.09,1.94,3.66,0.00
287,Orel Mangala,MF,6.6,0.05,0.01,81.0,0.30,16.7,18.8,40.0,2.42,0.91,0.45,0.00
288,Javier Manquillo,DF,0.1,0.00,0.00,57.1,0.00,,,100.0,10.0,10.0,0.00,0.00
289,Sekou Mara,FWMF,3.6,0.22,0.14,71.4,1.11,14.3,41.2,33.3,2.78,1.11,0.56,0.00
290,Solly March,FWDF,18.1,0.24,0.14,73.1,1.44,40.0,46.3,14.3,2.43,0.55,1.16,0.39
291,Emiliano Marcondes,MF,0.1,0.00,0.00,100.0,0.00,,0.0,,0.00,0.00,10.0,0.00
292,Marquinhos,MF,0.0,0.00,0.00,66.7,0,,,,0,0,0,0
293,Anthony Martial,FW,5.1,0.63,0.18,80.5,0.98,45.5,44.4,0.0,0.20,0.00,0.39,0.00
294,Martinelli,FW,17.9,0.24,0.27,72.1,1.96,34.7,43.2,28.6,1.34,0.34,0.56,0.17
295,Emiliano Martínez,GK,17.4,0.00,0.01,73.7,0.11,,,0.0,0.06,0.00,0.52,0.00
296,Lisandro Martínez,DF,15.4,0.01,0.01,86.1,0.26,25.0,100.0,80.8,3.57,1.30,4.61,0.00
297,Pape Matar Sarr,MF,1.2,0.02,0.02,92.4,0.83,0.0,0.0,50.0,8.33,3.33,2.50,0.00
298,Jean-Philippe Mateta,FW,4.8,0.32,0.13,72.8,1.04,40.0,40.0,33.3,1.04,0.21,2.08,0.00
299,Joël Matip,DF,6.1,0.00,0.00,84.4,0.00,,40.0,66.7,3.61,1.64,4.75,0.00
300,Neal Maupay,FW,7.6,0.27,0.06,75.7,0.66,40.0,33.3,100.0,0.92,0.26,0.00,0.00
301,Kevin Mbabu,DFFW,1.6,0.00,0.25,72.3,1.25,,66.7,33.3,3.75,1.25,1.88,1.88
302,Bryan Mbeumo,FW,16.7,0.28,0.12,65.7,1.14,48.5,44.4,26.7,0.90,0.30,0.60,0.36
303,John McGinn,MF,13.6,0.09,0.10,75.3,0.59,23.8,52.4,60.6,3.68,1.25,0.51,0.29
304,Scott McKenna,DF,15.2,0.00,0.05,79.9,0.46,0.0,71.4,62.5,1.45,0.46,4.87,0.07
305,Dwight McNeil,FWDF,9.9,0.07,0.13,73.4,1.21,16.7,38.2,64.3,3.54,1.62,1.21,0.30
306,Scott McTominay,MF,8.4,0.09,0.03,80.9,0.36,42.9,57.1,60.0,3.33,1.07,4.05,0.00
307,Ben Mee,DF,18.4,0.07,0.01,75.6,0.16,27.3,100.0,50.0,2.55,0.65,3.48,0.00
308,Edouard Mendy,GK,8.5,0.00,0.00,79.5,0.00,,0.0,,0.00,0.00,0.35,0.00
309,Nampalys Mendy,MF,3.6,0.03,0.00,86.3,0.00,0.0,100.0,33.3,2.22,0.56,0.00,0.00
310,Chris Mepham,DF,15.9,0.02,0.01,83.0,0.19,40.0,0.0,66.7,2.33,1.26,5.97,0.00
311,Illan Meslier,GK,19.0,0.00,0.00,59.3,0.00,,,50.0,0.11,0.05,0.79,0.00
312,Alexander Mighten,FW,0.1,0.00,0.00,100.0,0.00,,0.0,0.0,0.00,0.00,0.00,0.00
313,Luka Milivojević,MF,3.3,0.07,0.05,81.5,0.61,0.0,,100.0,4.85,1.52,2.42,0.00
314,James Milner,DFMF,6.0,0.06,0.12,73.7,1.50,16.7,50.0,23.5,3.00,0.50,1.50,0.67
315,Yerry Mina,DF,2.6,0.09,0.00,89.7,0.00,66.7,,100.0,4.23,1.54,3.46,0.00
316,Tyrone Mings,DF,18.0,0.00,0.03,83.6,0.17,0.0,25.0,57.1,2.11,0.22,4.22,0.00
317,Tyrick Mitchell,DF,14.2,0.02,0.04,71.0,0.35,33.3,46.2,45.5,3.31,1.27,2.75,0.21
318,Kaoru Mitoma,FWMF,8.3,0.20,0.31,79.5,1.57,53.3,51.4,61.5,2.53,0.96,0.72,0.00
319,Aleksandar Mitrović,FW,16.2,0.69,0.12,61.0,0.80,32.4,45.7,50.0,0.80,0.37,0.99,0.06
320,Kieffer Moore,FW,12.4,0.26,0.02,58.7,0.32,35.3,9.1,31.3,1.13,0.16,1.61,0.00
321,Andrew Moran,FW,0.1,0.00,0.00,50.0,0.00,,,,0.00,0.00,0.00,0.00
322,Álex Moreno,DF,1.9,0.11,0.16,72.7,1.58,25.0,14.3,66.7,1.58,1.05,1.58,1.05
323,Mason Mount,MFFW,16.0,0.12,0.18,75.3,1.81,31.0,53.6,59.1,2.19,0.38,0.56,0.31
324,Lucas Moura,MFDF,1.1,0.08,0.04,70.4,0.91,0.0,28.6,50.0,8.18,0.91,0.91,0.91
325,João Moutinho,MF,14.7,0.06,0.14,81.6,1.84,8.3,42.9,37.8,3.40,1.36,0.75,0.27
326,Divin Mubama,FW,0.0,0.00,0.00,100.0,0,,,,0,0,0,0
327,Mykhailo Mudryk,FW,0.4,0.86,0.00,86.7,0.00,0.0,50.0,100.0,7.50,2.50,2.50,0.00
328,Jacob Murphy,FW,6.0,0.13,0.10,62.2,1.00,41.7,0.0,44.4,1.67,0.33,0.33,0.33
329,Enock Mwepu,FWMF,2.4,0.09,0.20,78.2,1.25,50.0,0.0,75.0,4.58,0.42,0.42,0.00
330,Vitaliy Mykolenko,DFMF,18.8,0.02,0.04,76.5,0.69,33.3,40.0,60.0,2.93,1.17,2.98,0.43
331,Wilfred Ndidi,MFDF,9.7,0.02,0.00,87.3,0.10,40.0,100.0,42.1,4.54,1.55,2.16,0.00
332,Reiss Nelson,FW,0.7,0.87,0.11,89.7,2.86,100.0,100.0,100.0,1.43,1.43,0.00,1.43
333,Neto,GK,9.5,0.00,0.00,64.7,0.00,,,,0.00,0.00,0.21,0.00
334,Pedro Neto,FWMF,6.7,0.10,0.18,73.8,1.94,18.2,30.8,45.5,1.64,0.45,0.15,0.45
335,Rúben Neves,MF,19.0,0.15,0.03,82.5,0.84,19.4,46.7,47.5,4.00,1.05,2.47,0.00
336,Moussa Niakhate,DF,1.8,0.15,0.00,76.0,0.00,66.7,0.0,25.0,1.11,0.56,10.0,0.00
337,Rasmus Nissen,DF,12.6,0.03,0.06,70.2,0.56,14.3,44.4,69.4,4.76,1.59,2.86,0.16
338,Eddie Nketiah,FW,6.7,0.80,0.02,83.3,0.45,48.1,34.8,0.0,1.34,0.45,0.90,0.00
339,Matheus Nunes,MF,13.9,0.13,0.12,79.5,1.08,23.8,38.9,47.4,2.52,0.86,1.22,0.07
340,Darwin Núñez,FW,10.0,0.74,0.33,65.6,1.70,41.1,33.3,60.0,0.80,0.20,0.80,0.10
341,Ethan Nwaneri,FW,0.0,0.00,0.00,,0,,,,0,0,0,0
342,Christian Nørgaard,MF,8.7,0.09,0.10,72.6,0.57,66.7,25.0,37.5,4.83,1.15,1.95,0.00
343,Lewis O'Brien,MF,6.5,0.05,0.03,77.6,0.62,28.6,41.2,60.0,3.23,0.62,1.38,0.00
344,Angelo Ogbonna,DF,3.3,0.04,0.05,85.0,0.61,0.0,,50.0,2.12,0.61,6.97,0.00
345,Michael Olise,MFFW,13.4,0.10,0.20,70.5,2.24,21.7,36.7,48.0,2.61,0.97,0.67,0.30
346,Robin Olsen,GK,2.6,0.00,0.00,58.6,0.00,,,0.0,0.00,0.00,0.38,0.00
347,Amadou Onana,MF,15.5,0.12,0.07,84.6,0.52,10.5,34.3,79.2,4.06,1.16,1.55,0.00
348,Josh Onomah,MF,0.2,0.00,0.00,66.7,0.00,,0.0,,5.00,5.00,0.00,0.00
349,Frank Onyeka,MF,4.9,0.07,0.11,75.2,1.02,33.3,11.1,58.3,3.67,1.43,1.43,0.00
350,Mislav Oršić,MF,0.1,0.00,0.00,66.7,0.00,,,,10.0,10.0,0.00,0.00
351,Dango Ouattara,MF,1.0,0.33,0.08,71.0,1.00,20.0,0.0,100.0,2.00,0.00,2.00,1.00
352,Alex Oxlade-Chamberlain,FWMF,3.4,0.37,0.25,73.7,1.47,50.0,30.8,33.3,1.76,0.29,1.18,0.00
353,David Ozoh,FW,0.0,0.00,0.00,100.0,0,,,,0,0,0,0
354,João Palhinha,MF,19.7,0.10,0.00,81.6,0.05,29.2,31.3,61.1,5.94,1.62,1.93,0.00
355,Cole Palmer,FWMF,1.3,0.05,0.14,86.1,2.31,0.0,62.5,100.0,3.08,0.00,0.77,0.77
356,Emerson Palmieri,DFMF,4.1,0.06,0.06,79.1,0.98,33.3,16.7,66.7,1.95,0.00,0.98,0.49
357,Lucas Paquetá,MF,11.1,0.22,0.08,79.0,1.17,25.9,38.9,36.8,3.06,0.99,1.71,0.18
358,Thomas Partey,MF,15.5,0.10,0.05,85.6,0.90,10.0,61.1,48.0,3.55,0.77,1.74,0.00
359,Nathan Patterson,DFMF,11.0,0.04,0.03,76.6,0.36,12.5,42.1,71.9,4.55,2.27,3.09,0.18
360,Ben Pearson,MF,3.2,0.01,0.00,80.6,0.00,50.0,0.0,33.3,2.81,0.94,1.88,0.00
361,Andreas Pereira,MF,19.2,0.17,0.23,64.3,2.50,38.5,29.0,46.2,0.78,0.05,0.26,0.47
362,Ayoze Pérez,MFFW,4.2,0.27,0.35,69.0,2.62,25.0,28.6,42.1,3.10,1.19,0.71,0.00
363,Ivan Perišić,DFMF,14.1,0.11,0.25,65.6,1.99,16.7,33.3,55.6,2.98,1.06,1.49,1.21
364,Romain Perraud,DF,11.3,0.08,0.13,71.2,0.97,15.0,20.0,66.7,3.63,0.80,1.68,0.35
365,Kalvin Phillips,MF,0.2,0.18,0.00,80.0,0.00,0.0,,,0.00,0.00,15.0,0.00
366,Nathaniel Phillips,DF,0.7,0.06,0.00,86.6,0.00,0.0,,100.0,5.71,0.00,1.43,0.00
367,Jordan Pickford,GK,19.0,0.00,0.01,62.2,0.11,,,,0.11,0.00,0.68,0.00
368,Ethan Pinnock,DF,12.0,0.08,0.05,73.9,0.33,50.0,50.0,50.0,1.92,0.50,9.25,0.00
369,Daniel Podence,FWMF,14.5,0.21,0.13,68.2,1.93,39.4,31.7,29.4,1.79,0.76,0.41,0.34
370,Nick Pope,GK,20.0,0.00,0.00,67.6,0.00,,,33.3,0.05,0.05,0.80,0.00
371,Dennis Praet,MF,3.8,0.06,0.00,76.4,0.00,0.0,57.1,62.5,2.63,1.32,0.79,0.00
372,Isaac Price,MF,0.4,0.00,0.26,85.7,2.50,,100.0,0.0,0.00,0.00,0.00,0.00
373,Christian Pulisic,FWDF,6.8,0.19,0.08,80.8,1.62,26.7,24.2,60.0,1.91,0.44,0.59,0.00
374,Aaron Ramsdale,GK,19.0,0.00,0.00,66.3,0.00,,100.0,100.0,0.05,0.05,0.63,0.00
375,Jacob Ramsey,MFFW,13.2,0.10,0.11,82.9,1.21,58.3,26.3,56.0,4.09,1.14,0.98,0.00
376,Marcus Rashford,FW,17.9,0.42,0.13,75.1,0.78,46.9,35.8,38.5,0.95,0.22,0.28,0.06
377,David Raya,GK,20.0,0.00,0.01,64.3,0.10,,,0.0,0.00,0.00,0.30,0.00
378,Tim Ream,DF,21.0,0.01,0.00,86.2,0.00,66.7,66.7,43.8,2.33,0.43,3.38,0.00
379,Nathan Redmond,DF,0.0,0.00,0.00,0.0,0,,,,0,0,0,0
380,Harrison Reed,MF,18.2,0.07,0.10,76.3,1.10,26.7,31.3,37.5,1.87,0.38,1.32,0.38
381,Bobby Reid,FWDF,18.4,0.17,0.07,69.3,0.71,38.1,30.8,52.4,2.23,0.43,1.36,0.38
382,Declan Rice,MF,20.0,0.09,0.11,88.2,1.25,16.7,48.0,70.0,3.90,1.10,1.45,0.15
383,Chris Richards,DFMF,2.9,0.06,0.09,77.9,0.34,0.0,,60.0,3.79,1.72,7.59,0.00
384,Richarlison,MFFW,5.4,0.33,0.25,74.0,1.67,35.7,25.0,46.2,2.41,0.74,1.11,0.37
385,Jaïro Riedewald,DFFW,0.5,0.00,0.00,74.3,0.00,,,0.0,4.00,4.00,8.00,0.00
386,Matt Ritchie,FW,0.0,0.00,0.00,66.7,0,,,,0,0,0,0
387,Andrew Robertson,DF,13.7,0.03,0.24,79.1,2.12,20.0,38.1,40.0,1.68,0.44,1.82,0.66
388,Antonee Robinson,DF,17.3,0.00,0.04,74.0,0.64,0.0,38.9,81.8,2.72,1.16,2.49,0.64
389,Marc Roca,MF,15.6,0.06,0.05,77.5,1.03,40.0,68.8,33.3,3.72,0.90,0.96,0.00
390,Marek Rodák,GK,2.0,0.00,0.00,47.5,0.00,,,,0.00,0.00,0.50,0.00
391,Rodri,MF,18.3,0.13,0.12,91.3,1.15,17.9,61.5,61.3,3.50,1.09,1.20,0.05
392,Rodrigo,FWMF,14.4,0.45,0.10,70.3,0.90,36.5,37.5,40.0,0.90,0.07,1.11,0.14
393,Mads Roerslev,DF,9.0,0.03,0.11,63.3,0.78,0.0,40.0,44.4,2.22,1.33,2.78,0.44
394,Cristian Romero,DF,12.3,0.06,0.02,87.3,0.24,33.3,63.6,50.0,3.98,1.38,3.25,0.00
395,Oriol Romeu,MF,0.8,0.00,0.00,93.3,0.00,,100.0,,2.50,0.00,1.25,0.00
396,Cristiano Ronaldo,FW,5.8,0.32,0.07,74.7,1.03,24.0,44.4,50.0,0.52,0.17,1.55,0.00
397,Connor Ronan,MF,0.0,0.00,0.00,75.0,0,,,,0,0,0,0
398,Salomón Rondón,FW,1.2,0.66,0.13,75.9,1.67,25.0,100.0,,0.00,0.00,0.00,0.00
399,Joe Rothwell,MFDF,1.5,0.02,0.12,86.2,2.00,100.0,33.3,0.0,2.00,0.00,0.00,0.00
400,José Sá,GK,20.0,0.00,0.00,73.8,0.00,,100.0,,0.00,0.00,0.35,0.00
401,Allan Saint-Maximin,FW,5.4,0.18,0.23,70.5,1.67,35.7,42.6,0.0,1.11,0.00,0.00,0.37
402,Bukayo Saka,FW,18.0,0.33,0.24,76.5,2.39,34.2,31.9,25.0,1.78,0.44,0.72,0.50
403,Mohamed Salah,FW,18.7,0.48,0.20,75.4,2.03,40.0,32.3,50.0,0.75,0.11,0.16,0.16
404,William Saliba,DF,18.8,0.05,0.05,91.7,0.16,60.0,75.0,85.7,2.13,0.85,3.24,0.00
405,Mohammed Salisu,DF,19.0,0.06,0.03,73.5,0.26,21.4,77.8,73.3,3.79,1.68,5.21,0.21
406,Albert Sambi Lokonga,MF,2.2,0.00,0.01,94.3,0.45,,50.0,0.0,2.73,0.00,0.91,0.00
407,Davinson Sánchez,DF,6.2,0.05,0.01,87.8,0.16,50.0,25.0,100.0,4.03,1.61,3.87,0.16
408,Robert Sánchez,GK,19.0,0.00,0.00,74.4,0.00,,,,0.21,0.05,0.42,0.00
409,Jadon Sancho,FW,7.9,0.21,0.10,81.5,1.77,57.1,36.8,40.0,1.01,0.51,0.13,0.00
410,Morgan Sanson,MF,0.1,0.00,0.00,71.4,0.00,,,100.0,20.0,10.0,0.00,0.00
411,Pablo Sarabia,FW,0.5,0.53,0.00,63.6,0.00,0.0,0.0,0.0,0.00,0.00,0.00,0.00
412,Jeremy Sarmiento,MF,1.5,0.13,0.00,77.3,0.00,33.3,50.0,50.0,4.00,2.67,0.00,0.00
413,Gianluca Scamacca,FW,10.3,0.24,0.07,66.7,1.26,33.3,42.9,100.0,1.36,0.10,0.49,0.10
414,Gustavo Scarpa,MF,1.2,0.15,0.03,67.9,0.83,20.0,100.0,100.0,2.50,1.67,0.83,0.00
415,Kevin Schade,FW,0.1,0.00,0.00,50.0,0.00,,0.0,,0.00,0.00,0.00,0.00
416,Fabian Schär,DF,18.8,0.11,0.05,75.3,0.64,33.3,30.0,81.3,2.87,0.80,4.57,0.05
417,Jeffrey Schlupp,MF,16.4,0.07,0.03,76.6,0.37,28.6,36.0,58.6,3.66,1.16,1.40,0.00
418,Nélson Semedo,DF,12.2,0.01,0.03,81.3,0.57,0.0,35.0,75.0,4.26,2.05,3.11,0.25
419,Marcos Senesi,DF,14.3,0.01,0.01,79.7,0.21,0.0,50.0,70.0,3.36,1.40,5.03,0.07
420,Ryan Sessegnon,DF,8.9,0.19,0.12,72.0,0.67,33.3,40.0,58.3,2.58,1.01,1.91,0.34
421,Luke Shaw,DF,14.7,0.04,0.11,83.5,1.09,50.0,8.3,80.0,3.27,1.09,1.77,0.61
422,Jonjo Shelvey,MF,0.4,0.00,0.00,73.1,0.00,,,0.0,2.50,2.50,0.00,0.00
423,Bernardo Silva,MFFW,14.7,0.09,0.16,86.0,1.56,25.0,43.9,44.0,2.45,0.48,0.27,0.41
424,Thiago Silva,DF,17.9,0.05,0.02,90.0,0.22,0.0,66.7,78.9,3.13,0.89,4.53,0.00
425,Ellis Simms,FW,0.2,0.00,0.00,75.0,0.00,,,,0.00,0.00,0.00,0.00
426,Luis Sinisterra,FW,5.3,0.28,0.04,82.2,0.75,30.0,44.0,58.3,3.40,0.57,0.19,0.19
427,Oliver Skipp,MF,2.2,0.03,0.11,78.0,1.36,100.0,0.0,16.7,1.36,0.45,1.82,0.45
428,Adam Smith,DF,18.2,0.02,0.04,77.4,0.38,33.3,17.6,57.6,2.53,1.04,2.36,0.55
429,Emile Smith Rowe,MFFW,0.6,0.16,0.49,86.4,5.00,50.0,66.7,50.0,1.67,1.67,3.33,0.00
430,Cédric Soares,DF,0.3,0.00,0.00,79.2,0.00,,,0.0,0.00,0.00,3.33,0.00
431,Dominic Solanke,FWMF,14.9,0.20,0.08,70.1,0.60,45.2,34.1,30.0,0.60,0.27,1.41,0.00
432,Manor Solomon,FW,0.5,0.07,0.00,69.2,0.00,100.0,0.0,100.0,2.00,2.00,0.00,0.00
433,Tomáš Souček,MF,17.3,0.15,0.04,73.9,0.46,33.3,25.0,51.5,4.62,1.79,1.85,0.12
434,Boubakary Soumaré,MF,9.3,0.00,0.01,89.0,0.22,0.0,66.7,65.2,5.38,1.51,1.72,0.00
435,Çağlar Söyüncü,DF,0.8,0.00,0.00,83.0,0.00,,,100.0,2.50,1.25,2.50,0.00
436,Djed Spence,FWDF,0.1,0.83,0.00,55.6,0.00,0.0,0.0,,0.00,0.00,0.00,0.00
437,Jack Stacey,DF,3.3,0.03,0.00,57.1,0.00,0.0,33.3,40.0,3.03,0.91,4.55,0.30
438,Junior Stanislas,MF,0.7,0.05,0.19,78.6,2.86,0.0,,,0.00,0.00,0.00,0.00
439,Jay Stansfield,FW,1.0,0.26,0.09,39.1,1.00,0.0,,0.0,1.00,0.00,1.00,0.00
440,Jack Stephens,DF,0.5,0.00,0.00,82.1,0.00,,,100.0,6.00,4.00,4.00,0.00
441,Jack Stephens,DF,2.0,0.00,0.07,90.6,0.50,,,100.0,1.50,0.50,3.50,0.00
442,Raheem Sterling,FWMF,12.4,0.27,0.24,74.4,1.77,45.0,29.8,71.4,0.81,0.16,0.24,0.48
443,John Stones,DF,13.1,0.04,0.10,94.1,0.38,14.3,57.1,66.7,1.30,0.46,1.76,0.00
444,Pascal Struijk,DF,17.7,0.06,0.13,79.5,0.68,41.7,52.9,58.8,4.58,1.64,2.60,0.17
445,Crysencio Summerville,FW,6.2,0.24,0.11,75.0,0.97,45.5,30.0,70.0,2.74,1.13,0.65,0.16
446,Sam Surridge,FW,2.7,0.62,0.02,45.8,0.37,25.0,50.0,0.0,1.48,0.37,2.22,0.00
447,Japhet Tanganga,DF,0.7,0.00,0.00,88.9,0.00,,100.0,,2.86,2.86,5.71,0.00
448,Matt Targett,DF,4.7,0.00,0.07,76.3,1.49,0.0,,53.3,3.83,1.28,2.55,0.00
449,James Tarkowski,DF,20.0,0.05,0.06,84.3,0.40,38.5,80.0,50.0,2.55,0.90,5.45,0.00
450,Marcus Tavernier,MFFW,14.3,0.12,0.15,68.4,1.05,32.0,44.1,50.0,2.03,0.98,1.40,0.21
451,Kenny Tete,DF,13.7,0.02,0.07,73.9,0.95,50.0,25.0,90.9,4.96,1.90,3.43,0.58
452,Luke Thomas,DF,7.6,0.01,0.08,79.9,0.39,0.0,42.9,50.0,4.21,0.79,2.63,0.13
453,Youri Tielemans,MF,17.3,0.13,0.19,82.0,1.33,31.8,61.1,47.4,3.47,1.04,0.81,0.40
454,Kieran Tierney,DF,5.2,0.05,0.03,73.8,0.58,40.0,0.0,80.0,3.46,0.96,2.69,0.19
455,Harry Toffolo,DF,6.8,0.02,0.10,66.5,0.59,0.0,37.5,66.7,2.35,0.88,3.24,0.59
456,Takehiro Tomiyasu,DF,5.6,0.01,0.10,83.1,0.71,0.0,33.3,75.0,5.54,1.25,2.50,0.36
457,James Tomkins,DF,1.7,0.02,0.00,81.1,0.00,0.0,100.0,50.0,2.35,0.59,4.12,0.00
458,Ivan Toney,FW,17.9,0.59,0.14,60.1,0.95,37.5,22.2,50.0,1.23,0.17,1.01,0.17
459,Adama Traoré,FWMF,9.0,0.08,0.11,66.7,1.22,30.0,35.4,50.0,1.00,0.22,0.56,0.89
460,Boubacar Traoré,MF,4.3,0.02,0.04,77.6,0.23,0.0,42.9,33.3,3.95,0.93,0.23,0.00
461,Mark Travers,GK,10.5,0.00,0.00,75.3,0.00,,,,0.00,0.00,0.57,0.00
462,Kieran Trippier,DF,19.7,0.02,0.32,71.4,2.99,25.0,45.0,54.9,3.55,1.27,1.83,1.02
463,Leandro Trossard,FWMF,0.1,0.00,0.00,80.0,0.00,,100.0,,10.0,10.0,0.00,0.00
464,Leandro Trossard,FWMF,14.6,0.30,0.14,71.6,1.58,44.7,29.7,25.0,1.16,0.55,0.07,0.48
465,Kostas Tsimikas,DF,4.9,0.13,0.17,76.3,2.45,28.6,22.2,70.0,2.86,1.43,1.63,0.61
466,Deniz Undav,FWMF,1.1,0.51,0.15,85.2,2.73,16.7,,,1.82,0.91,0.00,0.00
467,Yan Valery,DF,0.5,0.00,0.00,65.2,0.00,,,,0.00,0.00,6.00,0.00
468,Virgil van Dijk,DF,16.5,0.06,0.01,89.1,0.12,27.8,100.0,50.0,1.76,0.42,4.24,0.00
469,Raphaël Varane,DF,12.4,0.00,0.01,85.9,0.24,0.0,50.0,40.0,2.10,1.13,5.24,0.00
470,Jamie Vardy,FW,12.6,0.20,0.05,54.5,0.63,43.8,27.3,50.0,0.71,0.32,1.51,0.08
471,Joël Veltman,DF,13.3,0.04,0.02,81.3,0.23,20.0,37.5,73.3,3.76,2.03,2.86,0.23
472,Fabio Vieira,MFFW,2.8,0.12,0.41,78.4,1.43,28.6,30.0,66.7,2.50,1.07,0.36,0.36
473,Rúben Vinagre,DFMF,0.3,0.00,0.00,62.5,0.00,,33.3,50.0,6.67,3.33,3.33,0.00
474,Carlos Vinícius,FW,4.7,0.22,0.10,56.8,0.85,50.0,0.0,,0.43,0.00,1.06,0.00
475,Theo Walcott,FWMF,1.3,0.00,0.00,66.7,0.00,,0.0,100.0,2.31,0.77,0.00,0.00
476,Kyle Walker,DF,7.8,0.04,0.02,88.4,0.51,0.0,75.0,0.0,0.77,0.13,0.64,0.00
477,Kyle Walker-Peters,DF,15.6,0.05,0.06,72.6,0.64,33.3,39.6,50.0,2.69,1.03,1.73,0.38
478,Aaron Wan-Bissaka,DF,5.8,0.01,0.09,80.5,1.03,0.0,44.4,90.0,4.66,1.90,2.93,0.34
479,Danny Ward,GK,20.0,0.00,0.00,75.8,0.00,,,50.0,0.05,0.05,0.55,0.00
480,Joel Ward,DF,14.4,0.00,0.00,74.8,0.14,0.0,66.7,87.5,2.85,1.25,3.19,0.07
481,James Ward-Prowse,MF,20.0,0.13,0.19,75.6,2.10,42.9,40.0,38.5,3.05,0.65,0.90,0.35
482,Ollie Watkins,FW,17.1,0.35,0.12,70.0,0.88,48.7,21.4,33.3,0.88,0.06,0.88,0.06
483,Adam Webster,DF,13.0,0.10,0.00,86.2,0.15,7.7,16.7,62.5,1.77,0.46,2.85,0.08
484,Wout Weghorst,FW,1.8,0.06,0.03,66.7,0.56,0.0,0.0,0.0,3.89,0.56,1.11,0.00
485,Danny Welbeck,FW,12.1,0.35,0.20,82.2,1.24,37.9,42.1,60.0,0.91,0.00,0.91,0.00
486,Ben White,DF,16.8,0.02,0.07,84.0,0.77,0.0,31.3,72.5,3.04,1.01,2.56,0.36
487,Harvey White,MF,0.1,0.00,0.00,37.5,0.00,,,0.0,0.00,0.00,0.00,10.0
488,Neco Williams,DF,12.5,0.08,0.11,65.2,0.96,26.3,41.4,60.0,5.76,2.48,2.00,0.64
489,Willian,FW,11.8,0.19,0.16,79.0,1.69,45.0,50.0,50.0,1.10,0.25,0.34,0.08
490,Joe Willock,MF,16.5,0.20,0.21,80.1,1.15,28.1,24.4,52.9,2.67,0.61,0.67,0.30
491,Callum Wilson,FW,11.5,0.64,0.12,69.3,0.96,39.5,33.3,0.0,0.70,0.00,0.35,0.00
492,Harry Wilson,FW,3.7,0.29,0.03,75.0,0.54,12.5,80.0,100.0,1.89,0.54,0.81,0.00
493,Yoane Wissa,FW,9.4,0.32,0.15,70.9,0.53,40.0,41.7,85.7,1.81,0.32,1.06,0.00
494,Maximilian Wöber,DF,1.3,0.15,0.00,70.0,0.00,0.0,,50.0,3.85,0.77,1.54,0.00
495,Chris Wood,FW,5.0,0.37,0.06,62.3,0.60,37.5,50.0,60.0,1.20,0.00,1.40,0.00
496,Chris Wood,FW,0.8,0.00,0.05,46.2,1.25,,,,1.25,0.00,0.00,0.00
497,Joe Worrall,DF,13.0,0.02,0.04,79.5,0.15,0.0,100.0,75.0,3.46,1.54,4.08,0.00
498,Granit Xhaka,MF,18.0,0.11,0.20,85.1,1.72,23.8,50.0,60.0,1.44,0.39,1.61,0.11
499,Ryan Yates,MF,15.5,0.14,0.07,78.1,0.39,20.0,40.0,70.6,2.19,0.71,2.19,0.00
500,Ashley Young,DF,12.6,0.01,0.06,73.6,0.71,28.6,40.0,84.6,3.65,1.98,2.78,0.32
501,Wilfried Zaha,FWMF,18.5,0.27,0.13,80.0,1.14,41.0,35.2,53.3,2.22,0.59,0.43,0.11
502,Denis Zakaria,MF,3.2,0.06,0.00,89.9,0.00,0.0,66.7,25.0,1.88,0.63,2.50,0.00
503,Jordan Zemura,DF,11.5,0.01,0.12,70.0,1.22,0.0,34.8,64.3,3.48,1.30,1.83,0.35
504,Oleksandr Zinchenko,DF,10.0,0.07,0.05,88.0,0.60,25.0,80.0,50.0,3.00,0.50,1.70,0.20
505,Hakim Ziyech,FWMF,4.8,0.10,0.25,62.7,1.88,20.0,42.9,50.0,4.17,2.08,1.04,1.04
506,Kurt Zouma,DF,14.2,0.08,0.00,85.6,0.00,27.3,0.0,50.0,1.20,0.14,5.42,0.00
507,Martin Ødegaard,MF,16.9,0.32,0.30,78.7,2.31,31.3,58.3,28.6,1.24,0.41,0.36,0.06
,,,,,,,,,,,,,,
,,,,,,,,,,,,,,
,,,"Provided by <a href=""https://www.sports-reference.com/sharing.html?utm_source=direct&utm_medium=Share&utm_campaign=ShareTool"">FBref.com</a>: <a href=""https://fbref.com/en/comps/9/stats/Premier-League-Stats?sr&utm_source=direct&utm_medium=Share&utm_campaign=ShareTool#stats_standard"">View Original Table</a><br>Generated 1/27/2023.","Provided by <a href=""https://www.sports-reference.com/sharing.html?utm_source=direct&utm_medium=Share&utm_campaign=ShareTool"">FBref.com</a>: <a href=""https://fbref.com/en/comps/9/stats/Premier-League-Stats?sr&utm_source=direct&utm_medium=Share&utm_campaign=ShareTool#stats_standard"">View Original Table</a><br>Generated 1/27/2023.",,,"Provided by <a href=""https://www.sports-reference.com/sharing.html?utm_source=direct&utm_medium=Share&utm_campaign=ShareTool"">FBref.com</a>: <a href=""https://fbref.com/en/comps/9/passing/Premier-League-Stats?sr&utm_source=direct&utm_medium=Share&utm_campaign=ShareTool#stats_passing"">View Original Table</a><br>Generated 1/27/2023.",,,"Provided by <a href=""https://www.sports-reference.com/sharing.html?utm_source=direct&utm_medium=Share&utm_campaign=ShareTool"">FBref.com</a>: <a href=""https://fbref.com/en/comps/9/defense/Premier-League-Stats?sr&utm_source=direct&utm_medium=Share&utm_campaign=ShareTool#stats_defense"">View Original Table</a><br>Generated 1/27/2023.",,"Provided by <a href=""https://www.sports-reference.com/sharing.html?utm_source=direct&utm_medium=Share&utm_campaign=ShareTool"">FBref.com</a>: <a href=""https://fbref.com/en/comps/9/defense/Premier-League-Stats?sr&utm_source=direct&utm_medium=Share&utm_campaign=ShareTool#stats_defense"">View Original Table</a><br>Generated 1/27/2023.",,"Provided by <a href=""https://www.sports-reference.com/sharing.html?utm_source=direct&utm_medium=Share&utm_campaign=ShareTool"">FBref.com</a>: <a href=""https://fbref.com/en/comps/9/passing/Premier-League-Stats?sr&utm_source=direct&utm_medium=Share&utm_campaign=ShareTool#stats_passing"">View Original Table</a><br>Generated 1/27/2023."
,"Provided by <a href=""https://www.sports-reference.com/sharing.html?utm_source=direct&utm_medium=Share&utm_campaign=ShareTool"">FBref.com</a>: <a href=""https://fbref.com/en/comps/9/stats/Premier-League-Stats?sr&utm_source=direct&utm_medium=Share&utm_campaign=ShareTool#stats_standard"">View Original Table</a><br>Generated 1/26/2023.",,,,,,,,,,,,,